{
  "min_packer_version": "0.12.0",
  "variables": {
    "aws_region": "{{env `AWS_DEFAULT_REGION`}}",
    "vault_version": "1.6.1",
    "consul_module_version": "v0.8.0",
    "consul_version": "1.9.2",
    "consul_download_url": "{{env `CONSUL_DOWNLOAD_URL`}}",
    "vault_download_url": "{{env `VAULT_DOWNLOAD_URL`}}",
    "install_auth_signing_script": "true",
    "ca_public_key_path": "{{env `HOME`}}/.ssh/tls/ca.crt.pem",
    "tls_public_key_path": "{{env `HOME`}}/.ssh/tls/vault.crt.pem",
    "tls_private_key_path": "{{env `HOME`}}/.ssh/tls/vault.key.pem"
  },
  "builders": [{
    "ami_name": "vault-consul-ubuntu18-{{isotime | clean_resource_name}}-{{uuid}}",
    "ami_description": "An Ubuntu 18.04 AMI that has Vault {{user `vault_version`}} and Consul {{user `consul_version`}} installed.",
    "instance_type": "t2.micro",
    "name": "ubuntu18-ami",
    "region": "{{user `aws_region`}}",
    "type": "amazon-ebs",
    "source_ami_filter": {
      "filters": {
        "virtualization-type": "hvm",
        "architecture": "x86_64",
        "name": "ubuntu/images/hvm-ssd/ubuntu-bionic-18.04-amd64-server-*",
        "block-device-mapping.volume-type": "gp2",
        "root-device-type": "ebs"
      },
      "owners": ["099720109477"],
      "most_recent": true
    },
    "ssh_username": "ubuntu"
  },{
    "ami_name": "vault-consul-ubuntu16-{{isotime | clean_resource_name}}-{{uuid}}",
    "ami_description": "An Ubuntu 16.04 AMI that has Vault {{user `vault_version`}} and Consul {{user `consul_version`}} installed.",
    "instance_type": "t2.micro",
    "name": "ubuntu16-ami",
    "region": "{{user `aws_region`}}",
    "type": "amazon-ebs",
    "source_ami_filter": {
      "filters": {
        "virtualization-type": "hvm",
        "architecture": "x86_64",
        "name": "ubuntu/images/hvm-ssd/ubuntu-xenial-16.04-amd64-server-*",
        "block-device-mapping.volume-type": "gp2",
        "root-device-type": "ebs"
      },
      "owners": ["099720109477"],
      "most_recent": true
    },
    "ssh_username": "ubuntu"
  },{
    "ami_name": "vault-consul-amazon-linux-2-{{isotime | clean_resource_name}}-{{uuid}}",
    "ami_description": "An Amazon Linux 2 AMI that has Vault {{user `vault_version`}} and Consul {{user `consul_version`}} installed.",
    "instance_type": "t2.micro",
    "name": "amazon-linux-2-ami",
    "region": "{{user `aws_region`}}",
    "type": "amazon-ebs",
    "source_ami_filter": {
      "filters": {
        "virtualization-type": "hvm",
        "architecture": "x86_64",
        "name": "*amzn2-ami-hvm-*",
        "block-device-mapping.volume-type": "gp2",
        "root-device-type": "ebs"
      },
      "owners": ["amazon"],
      "most_recent": true
    },
    "ssh_username": "ec2-user"
  }],
  "provisioners": [{
    "type": "shell",
    "inline": ["mkdir -p /tmp/terraform-aws-vault/modules"]
  },{
    "type": "file",
    "source": "{{template_dir}}/../../modules/",
    "destination": "/tmp/terraform-aws-vault/modules",
    "pause_before": "30s"
  },{
    "type": "shell",
    "inline": [
      "if test -n \"{{user `vault_download_url`}}\"; then",
      " /tmp/terraform-aws-vault/modules/install-vault/install-vault --download-url {{user `vault_download_url`}};",
      "else",
      " /tmp/terraform-aws-vault/modules/install-vault/install-vault --version {{user `vault_version`}};",
      "fi"
    ]
  },{
    "type": "file",
    "source": "{{template_dir}}/auth/sign-request.py",
    "destination": "/tmp/sign-request.py"
  },{
    "type": "file",
    "source": "{{user `ca_public_key_path`}}",
    "destination": "/tmp/ca.crt.pem"
  },{
    "type": "file",
    "source": "{{user `tls_public_key_path`}}",
    "destination": "/tmp/vault.crt.pem"
  },{
    "type": "file",
    "source": "{{user `tls_private_key_path`}}",
    "destination": "/tmp/vault.key.pem"
},{
    "type": "shell",
    "inline": [
      "if [[ '{{user `install_auth_signing_script`}}' == 'true' ]]; then",
      "sudo mv /tmp/sign-request.py /opt/vault/scripts/",
      "else",
      "sudo rm /tmp/sign-request.py",
      "fi",
      "sudo mv /tmp/ca.crt.pem /opt/vault/tls/",
      "sudo mv /tmp/vault.crt.pem /opt/vault/tls/",
      "sudo mv /tmp/vault.key.pem /opt/vault/tls/",
      "sudo chown -R vault:vault /opt/vault/tls/",
      "sudo chmod -R 600 /opt/vault/tls",
      "sudo chmod 700 /opt/vault/tls",
      "sudo /tmp/terraform-aws-vault/modules/update-certificate-store/update-certificate-store --cert-file-path /opt/vault/tls/ca.crt.pem"
    ],
    "inline_shebang": "/bin/bash -e"
  },{
    "type": "shell",
    "inline": [
      "sudo apt-get install -y git",
      "if [[ '{{user `install_auth_signing_script`}}' == 'true' ]]; then",
      "sudo apt-get install -y python-pip",
      "LC_ALL=C && sudo pip install boto3",
      "fi"
    ],
    "inline_shebang": "/bin/bash -e",
    "only": ["ubuntu16-ami","ubuntu18-ami"]
  },{
    "type": "shell",
    "inline": [
      "sudo yum install -y git",
      "if [[ '{{user `install_auth_signing_script`}}' == 'true' ]]; then",
      "sudo yum install -y python2-pip",
      "LC_ALL=C && sudo pip install boto3",
      "fi"
    ],
    "only": ["amazon-linux-2-ami"]
  },{
    "type": "shell",
    "inline": [
      "git clone --branch {{user `consul_module_version`}} https://github.com/hashicorp/terraform-aws-consul.git /tmp/terraform-aws-consul",
      "if test -n \"{{user `consul_download_url`}}\"; then",
      " /tmp/terraform-aws-consul/modules/install-consul/install-consul --download-url {{user `consul_download_url`}};",
      "else",
      " /tmp/terraform-aws-consul/modules/install-consul/install-consul --version {{user `consul_version`}};",
      "fi"
    ],
    "pause_before": "30s"
  },{
    "type": "shell",
    "only": ["ubuntu16-ami", "amazon-linux-2-ami"],
    "inline": [
      "/tmp/terraform-aws-consul/modules/install-dnsmasq/install-dnsmasq"
    ]
  },{
    "type": "shell",
    "only": ["ubuntu18-ami"],
    "inline": [
      "/tmp/terraform-aws-consul/modules/setup-systemd-resolved/setup-systemd-resolved"
    ],
    "pause_before": "30s"
  }
  ],
  "post-processors": [
    {
      "type": "manifest",
      "output": "{{template_dir}}/manifest.json",
      "strip_path": "true",
      "custom_data": {
        "timestamp": "Use local.timestamp when converted to hcl"
      }
    }
  ]
}
