{
  "cloud_c64_engine": {
    "IamFleetRole": "arn:aws:iam::{{ account_id }}:role/aws-ec2-spot-fleet-tagging-role",
    "AllocationStrategy": "capacityOptimized",
    "TargetCapacity": {{ max_spot_capacity_engine }},
    "SpotPrice": "5.568",
    "ValidFrom": "2021-05-02T00:24:46Z",
    "ValidUntil": "2022-05-02T00:24:46Z",
    "TerminateInstancesWithExpiration": true,
    "LaunchSpecifications": [
      {
        "ImageId": "{{ ami_id }}",
        "InstanceType": "m5a.16xlarge",
        "SubnetId": "{{ subnet_id }}",
        "UserData": "{{ user_data }}",
        "KeyName": "{{ aws_key_name }}",
        "SpotPrice": "3.456",
        "IamInstanceProfile": {
          "Arn": "{{ spot_instance_profile_arn }}"
        },
        "BlockDeviceMappings": [
          {
            "DeviceName": "/dev/sda1",
            "Ebs": {
              "DeleteOnTermination": true,
              "VolumeType": "{{ volume_type }}",
              "VolumeSize": {{ volume_size }},
              "SnapshotId": "{{ snapshot_id }}"
            }
          }
        ],
        "SecurityGroups": [
          {
            "GroupId": "{{ security_group_id }}"
          }
        ]
      },
      {
        "ImageId": "{{ ami_id }}",
        "InstanceType": "m5d.16xlarge",
        "SubnetId": "{{ subnet_id }}",
        "UserData": "{{ user_data }}",
        "KeyName": "{{ aws_key_name }}",
        "SpotPrice": "4.544",
        "IamInstanceProfile": {
          "Arn": "{{ spot_instance_profile_arn }}"
        },
        "BlockDeviceMappings": [
          {
            "DeviceName": "/dev/sda1",
            "Ebs": {
              "DeleteOnTermination": true,
              "VolumeType": "{{ volume_type }}",
              "VolumeSize": {{ volume_size }},
              "SnapshotId": "{{ snapshot_id }}"
            }
          }
        ],
        "SecurityGroups": [
          {
            "GroupId": "{{ security_group_id }}"
          }
        ]
      },
      {
        "ImageId": "{{ ami_id }}",
        "InstanceType": "r5d.16xlarge",
        "SubnetId": "{{ subnet_id }}",
        "UserData": "{{ user_data }}",
        "KeyName": "{{ aws_key_name }}",
        "SpotPrice": "5.568",
        "IamInstanceProfile": {
          "Arn": "{{ spot_instance_profile_arn }}"
        },
        "BlockDeviceMappings": [
          {
            "DeviceName": "/dev/sda1",
            "Ebs": {
              "DeleteOnTermination": true,
              "VolumeType": "{{ volume_type }}",
              "VolumeSize": {{ volume_size }},
              "SnapshotId": "{{ snapshot_id }}"
            }
          }
        ],
        "SecurityGroups": [
          {
            "GroupId": "{{ security_group_id }}"
          }
        ]
      },
      {
        "ImageId": "{{ ami_id }}",
        "InstanceType": "r5a.16xlarge",
        "SubnetId": "{{ subnet_id }}",
        "UserData": "{{ user_data }}",
        "KeyName": "{{ aws_key_name }}",
        "SpotPrice": "4.352",
        "IamInstanceProfile": {
          "Arn": "{{ spot_instance_profile_arn }}"
        },
        "BlockDeviceMappings": [
          {
            "DeviceName": "/dev/sda1",
            "Ebs": {
              "DeleteOnTermination": true,
              "VolumeType": "{{ volume_type }}",
              "VolumeSize": {{ volume_size }},
              "SnapshotId": "{{ snapshot_id }}"
            }
          }
        ],
        "SecurityGroups": [
          {
            "GroupId": "{{ security_group_id }}"
          }
        ]
      },
      {
        "ImageId": "{{ ami_id }}",
        "InstanceType": "c5.18xlarge",
        "SubnetId": "{{ subnet_id }}",
        "UserData": "{{ user_data }}",
        "KeyName": "{{ aws_key_name }}",
        "SpotPrice": "3.996",
        "IamInstanceProfile": {
          "Arn": "{{ spot_instance_profile_arn }}"
        },
        "BlockDeviceMappings": [
          {
            "DeviceName": "/dev/sda1",
            "Ebs": {
              "DeleteOnTermination": true,
              "VolumeType": "{{ volume_type }}",
              "VolumeSize": {{ volume_size }},
              "SnapshotId": "{{ snapshot_id }}"
            }
          }
        ],
        "SecurityGroups": [
          {
            "GroupId": "{{ security_group_id }}"
          }
        ]
      }
    ],
    "Type": "maintain"
  },
  "cloud_c8_engine": {
    "IamFleetRole": "arn:aws:iam::{{ account_id }}:role/aws-ec2-spot-fleet-tagging-role",
    "AllocationStrategy": "capacityOptimized",
    "TargetCapacity": {{ max_spot_capacity_engine }},
    "SpotPrice": "0.696",
    "ValidFrom": "2021-05-02T00:24:46Z",
    "ValidUntil": "2022-05-02T00:24:46Z",
    "TerminateInstancesWithExpiration": true,
    "InstanceInterruptionBehavior": "terminate",
    "LaunchSpecifications": [
      {
        "ImageId": "{{ ami_id }}",
        "InstanceType": "m5.2xlarge",
        "SubnetId": "{{ subnet_id }}",
        "UserData": "{{ user_data }}",
        "KeyName": "{{ aws_key_name }}",
        "SpotPrice": "0.48",
        "IamInstanceProfile": {
          "Arn": "{{ spot_instance_profile_arn }}"
        },
        "BlockDeviceMappings": [
          {
            "DeviceName": "/dev/sda1",
            "Ebs": {
              "DeleteOnTermination": true,
              "VolumeType": "{{ volume_type }}",
              "VolumeSize": {{ volume_size }},
              "SnapshotId": "{{ snapshot_id }}"
            }
          }
        ],
        "SecurityGroups": [
          {
            "GroupId": "{{ security_group_id }}"
          }
        ]
      },
      {
        "ImageId": "{{ ami_id }}",
        "InstanceType": "r5d.2xlarge",
        "SubnetId": "{{ subnet_id }}",
        "UserData": "{{ user_data }}",
        "KeyName": "{{ aws_key_name }}",
        "SpotPrice": "0.696",
        "IamInstanceProfile": {
          "Arn": "{{ spot_instance_profile_arn }}"
        },
        "BlockDeviceMappings": [
          {
            "DeviceName": "/dev/sda1",
            "Ebs": {
              "DeleteOnTermination": true,
              "VolumeType": "{{ volume_type }}",
              "VolumeSize": {{ volume_size }},
              "SnapshotId": "{{ snapshot_id }}"
            }
          }
        ],
        "SecurityGroups": [
          {
            "GroupId": "{{ security_group_id }}"
          }
        ]
      },
      {
        "ImageId": "{{ ami_id }}",
        "InstanceType": "r5.2xlarge",
        "SubnetId": "{{ subnet_id }}",
        "UserData": "{{ user_data }}",
        "KeyName": "{{ aws_key_name }}",
        "SpotPrice": "0.604",
        "IamInstanceProfile": {
          "Arn": "{{ spot_instance_profile_arn }}"
        },
        "BlockDeviceMappings": [
          {
            "DeviceName": "/dev/sda1",
            "Ebs": {
              "DeleteOnTermination": true,
              "VolumeType": "{{ volume_type }}",
              "VolumeSize": {{ volume_size }},
              "SnapshotId": "{{ snapshot_id }}"
            }
          }
        ],
        "SecurityGroups": [
          {
            "GroupId": "{{ security_group_id }}"
          }
        ]
      },
      {
        "ImageId": "{{ ami_id }}",
        "InstanceType": "m5.4xlarge",
        "SubnetId": "{{ subnet_id }}",
        "UserData": "{{ user_data }}",
        "KeyName": "{{ aws_key_name }}",
        "WeightedCapacity": 2,
        "SpotPrice": "0.48",
        "IamInstanceProfile": {
          "Arn": "{{ spot_instance_profile_arn }}"
        },
        "BlockDeviceMappings": [
          {
            "DeviceName": "/dev/sda1",
            "Ebs": {
              "DeleteOnTermination": true,
              "VolumeType": "{{ volume_type }}",
              "VolumeSize": {{ volume_size }},
              "SnapshotId": "{{ snapshot_id }}"
            }
          }
        ],
        "SecurityGroups": [
          {
            "GroupId": "{{ security_group_id }}"
          }
        ]
      },
      {
        "ImageId": "{{ ami_id }}",
        "InstanceType": "m5.8xlarge",
        "SubnetId": "{{ subnet_id }}",
        "UserData": "{{ user_data }}",
        "KeyName": "{{ aws_key_name }}",
        "WeightedCapacity": 4,
        "SpotPrice": "0.48",
        "IamInstanceProfile": {
          "Arn": "{{ spot_instance_profile_arn }}"
        },
        "BlockDeviceMappings": [
          {
            "DeviceName": "/dev/sda1",
            "Ebs": {
              "DeleteOnTermination": true,
              "VolumeType": "{{ volume_type }}",
              "VolumeSize": {{ volume_size }},
              "SnapshotId": "{{ snapshot_id }}"
            }
          }
        ],
        "SecurityGroups": [
          {
            "GroupId": "{{ security_group_id }}"
          }
        ]
      }
    ],
    "Type": "maintain"
  },
  "cloud_c64_mantra": {
    "IamFleetRole": "arn:aws:iam::{{ account_id }}:role/aws-ec2-spot-fleet-tagging-role",
    "AllocationStrategy": "capacityOptimized",
    "TargetCapacity": {{ max_spot_capacity_mantra }},
    "SpotPrice": "5.568",
    "ValidFrom": "2021-05-02T00:24:46Z",
    "ValidUntil": "2022-05-02T00:24:46Z",
    "TerminateInstancesWithExpiration": true,
    "LaunchSpecifications": [
      {
        "ImageId": "{{ ami_id }}",
        "InstanceType": "m5a.16xlarge",
        "SubnetId": "{{ subnet_id }}",
        "UserData": "{{ user_data }}",
        "KeyName": "{{ aws_key_name }}",
        "SpotPrice": "3.456",
        "IamInstanceProfile": {
          "Arn": "{{ spot_instance_profile_arn }}"
        },
        "BlockDeviceMappings": [
          {
            "DeviceName": "/dev/sda1",
            "Ebs": {
              "DeleteOnTermination": true,
              "VolumeType": "{{ volume_type }}",
              "VolumeSize": {{ volume_size }},
              "SnapshotId": "{{ snapshot_id }}"
            }
          }
        ],
        "SecurityGroups": [
          {
            "GroupId": "{{ security_group_id }}"
          }
        ]
      },
      {
        "ImageId": "{{ ami_id }}",
        "InstanceType": "m5d.16xlarge",
        "SubnetId": "{{ subnet_id }}",
        "UserData": "{{ user_data }}",
        "KeyName": "{{ aws_key_name }}",
        "SpotPrice": "4.544",
        "IamInstanceProfile": {
          "Arn": "{{ spot_instance_profile_arn }}"
        },
        "BlockDeviceMappings": [
          {
            "DeviceName": "/dev/sda1",
            "Ebs": {
              "DeleteOnTermination": true,
              "VolumeType": "{{ volume_type }}",
              "VolumeSize": {{ volume_size }},
              "SnapshotId": "{{ snapshot_id }}"
            }
          }
        ],
        "SecurityGroups": [
          {
            "GroupId": "{{ security_group_id }}"
          }
        ]
      },
      {
        "ImageId": "{{ ami_id }}",
        "InstanceType": "r5d.16xlarge",
        "SubnetId": "{{ subnet_id }}",
        "UserData": "{{ user_data }}",
        "KeyName": "{{ aws_key_name }}",
        "SpotPrice": "5.568",
        "IamInstanceProfile": {
          "Arn": "{{ spot_instance_profile_arn }}"
        },
        "BlockDeviceMappings": [
          {
            "DeviceName": "/dev/sda1",
            "Ebs": {
              "DeleteOnTermination": true,
              "VolumeType": "{{ volume_type }}",
              "VolumeSize": {{ volume_size }},
              "SnapshotId": "{{ snapshot_id }}"
            }
          }
        ],
        "SecurityGroups": [
          {
            "GroupId": "{{ security_group_id }}"
          }
        ]
      },
      {
        "ImageId": "{{ ami_id }}",
        "InstanceType": "r5a.16xlarge",
        "SubnetId": "{{ subnet_id }}",
        "UserData": "{{ user_data }}",
        "KeyName": "{{ aws_key_name }}",
        "SpotPrice": "4.352",
        "IamInstanceProfile": {
          "Arn": "{{ spot_instance_profile_arn }}"
        },
        "BlockDeviceMappings": [
          {
            "DeviceName": "/dev/sda1",
            "Ebs": {
              "DeleteOnTermination": true,
              "VolumeType": "{{ volume_type }}",
              "VolumeSize": {{ volume_size }},
              "SnapshotId": "{{ snapshot_id }}"
            }
          }
        ],
        "SecurityGroups": [
          {
            "GroupId": "{{ security_group_id }}"
          }
        ]
      },
      {
        "ImageId": "{{ ami_id }}",
        "InstanceType": "c5.18xlarge",
        "SubnetId": "{{ subnet_id }}",
        "UserData": "{{ user_data }}",
        "KeyName": "{{ aws_key_name }}",
        "SpotPrice": "3.996",
        "IamInstanceProfile": {
          "Arn": "{{ spot_instance_profile_arn }}"
        },
        "BlockDeviceMappings": [
          {
            "DeviceName": "/dev/sda1",
            "Ebs": {
              "DeleteOnTermination": true,
              "VolumeType": "{{ volume_type }}",
              "VolumeSize": {{ volume_size }},
              "SnapshotId": "{{ snapshot_id }}"
            }
          }
        ],
        "SecurityGroups": [
          {
            "GroupId": "{{ security_group_id }}"
          }
        ]
      }
    ],
    "Type": "maintain"
  },
  "cloud_c8_mantra": {
    "IamFleetRole": "arn:aws:iam::{{ account_id }}:role/aws-ec2-spot-fleet-tagging-role",
    "AllocationStrategy": "capacityOptimized",
    "TargetCapacity": {{ max_spot_capacity_mantra }},
    "SpotPrice": "0.696",
    "ValidFrom": "2021-05-02T00:24:46Z",
    "ValidUntil": "2022-05-02T00:24:46Z",
    "TerminateInstancesWithExpiration": true,
    "LaunchSpecifications": [
      {
        "ImageId": "{{ ami_id }}",
        "InstanceType": "t3a.2xlarge",
        "SubnetId": "{{ subnet_id }}",
        "UserData": "{{ user_data }}",
        "KeyName": "{{ aws_key_name }}",
        "SpotPrice": "0.3802",
        "IamInstanceProfile": {
          "Arn": "{{ spot_instance_profile_arn }}"
        },
        "BlockDeviceMappings": [
          {
            "DeviceName": "/dev/sda1",
            "Ebs": {
              "DeleteOnTermination": true,
              "VolumeType": "{{ volume_type }}",
              "VolumeSize": {{ volume_size }},
              "SnapshotId": "{{ snapshot_id }}"
            }
          }
        ],
        "SecurityGroups": [
          {
            "GroupId": "{{ security_group_id }}"
          }
        ]
      },
      {
        "ImageId": "{{ ami_id }}",
        "InstanceType": "t3.2xlarge",
        "SubnetId": "{{ subnet_id }}",
        "UserData": "{{ user_data }}",
        "KeyName": "{{ aws_key_name }}",
        "SpotPrice": "0.4204",
        "IamInstanceProfile": {
          "Arn": "{{ spot_instance_profile_arn }}"
        },
        "BlockDeviceMappings": [
          {
            "DeviceName": "/dev/sda1",
            "Ebs": {
              "DeleteOnTermination": true,
              "VolumeType": "{{ volume_type }}",
              "VolumeSize": {{ volume_size }},
              "SnapshotId": "{{ snapshot_id }}"
            }
          }
        ],
        "SecurityGroups": [
          {
            "GroupId": "{{ security_group_id }}"
          }
        ]
      },
      {
        "ImageId": "{{ ami_id }}",
        "InstanceType": "r4.2xlarge",
        "SubnetId": "{{ subnet_id }}",
        "UserData": "{{ user_data }}",
        "KeyName": "{{ aws_key_name }}",
        "SpotPrice": "0.638",
        "IamInstanceProfile": {
          "Arn": "{{ spot_instance_profile_arn }}"
        },
        "BlockDeviceMappings": [
          {
            "DeviceName": "/dev/sda1",
            "Ebs": {
              "DeleteOnTermination": true,
              "VolumeType": "{{ volume_type }}",
              "VolumeSize": {{ volume_size }},
              "SnapshotId": "{{ snapshot_id }}"
            }
          }
        ],
        "SecurityGroups": [
          {
            "GroupId": "{{ security_group_id }}"
          }
        ]
      },
      {
        "ImageId": "{{ ami_id }}",
        "InstanceType": "m5.2xlarge",
        "SubnetId": "{{ subnet_id }}",
        "UserData": "{{ user_data }}",
        "KeyName": "{{ aws_key_name }}",
        "SpotPrice": "0.48",
        "IamInstanceProfile": {
          "Arn": "{{ spot_instance_profile_arn }}"
        },
        "BlockDeviceMappings": [
          {
            "DeviceName": "/dev/sda1",
            "Ebs": {
              "DeleteOnTermination": true,
              "VolumeType": "{{ volume_type }}",
              "VolumeSize": {{ volume_size }},
              "SnapshotId": "{{ snapshot_id }}"
            }
          }
        ],
        "SecurityGroups": [
          {
            "GroupId": "{{ security_group_id }}"
          }
        ]
      },
      {
        "ImageId": "{{ ami_id }}",
        "InstanceType": "r5d.2xlarge",
        "SubnetId": "{{ subnet_id }}",
        "UserData": "{{ user_data }}",
        "KeyName": "{{ aws_key_name }}",
        "SpotPrice": "0.696",
        "IamInstanceProfile": {
          "Arn": "{{ spot_instance_profile_arn }}"
        },
        "BlockDeviceMappings": [
          {
            "DeviceName": "/dev/sda1",
            "Ebs": {
              "DeleteOnTermination": true,
              "VolumeType": "{{ volume_type }}",
              "VolumeSize": {{ volume_size }},
              "SnapshotId": "{{ snapshot_id }}"
            }
          }
        ],
        "SecurityGroups": [
          {
            "GroupId": "{{ security_group_id }}"
          }
        ]
      },
      {
        "ImageId": "{{ ami_id }}",
        "InstanceType": "r5.2xlarge",
        "SubnetId": "{{ subnet_id }}",
        "UserData": "{{ user_data }}",
        "KeyName": "{{ aws_key_name }}",
        "SpotPrice": "0.604",
        "IamInstanceProfile": {
          "Arn": "{{ spot_instance_profile_arn }}"
        },
        "BlockDeviceMappings": [
          {
            "DeviceName": "/dev/sda1",
            "Ebs": {
              "DeleteOnTermination": true,
              "VolumeType": "{{ volume_type }}",
              "VolumeSize": {{ volume_size }},
              "SnapshotId": "{{ snapshot_id }}"
            }
          }
        ],
        "SecurityGroups": [
          {
            "GroupId": "{{ security_group_id }}"
          }
        ]
      },
      {
        "ImageId": "{{ ami_id }}",
        "InstanceType": "m5.4xlarge",
        "SubnetId": "{{ subnet_id }}",
        "UserData": "{{ user_data }}",
        "KeyName": "{{ aws_key_name }}",
        "WeightedCapacity": 2,
        "SpotPrice": "0.48",
        "IamInstanceProfile": {
          "Arn": "{{ spot_instance_profile_arn }}"
        },
        "BlockDeviceMappings": [
          {
            "DeviceName": "/dev/sda1",
            "Ebs": {
              "DeleteOnTermination": true,
              "VolumeType": "{{ volume_type }}",
              "VolumeSize": {{ volume_size }},
              "SnapshotId": "{{ snapshot_id }}"
            }
          }
        ],
        "SecurityGroups": [
          {
            "GroupId": "{{ security_group_id }}"
          }
        ]
      },
      {
        "ImageId": "{{ ami_id }}",
        "InstanceType": "m5a.8xlarge",
        "SubnetId": "{{ subnet_id }}",
        "UserData": "{{ user_data }}",
        "KeyName": "{{ aws_key_name }}",
        "WeightedCapacity": 4,
        "SpotPrice": "0.432",
        "IamInstanceProfile": {
          "Arn": "{{ spot_instance_profile_arn }}"
        },
        "BlockDeviceMappings": [
          {
            "DeviceName": "/dev/sda1",
            "Ebs": {
              "DeleteOnTermination": true,
              "VolumeType": "{{ volume_type }}",
              "VolumeSize": {{ volume_size }},
              "SnapshotId": "{{ snapshot_id }}"
            }
          }
        ],
        "SecurityGroups": [
          {
            "GroupId": "{{ security_group_id }}"
          }
        ]
      },
      {
        "ImageId": "{{ ami_id }}",
        "InstanceType": "m5.8xlarge",
        "SubnetId": "{{ subnet_id }}",
        "UserData": "{{ user_data }}",
        "KeyName": "{{ aws_key_name }}",
        "WeightedCapacity": 4,
        "SpotPrice": "0.48",
        "IamInstanceProfile": {
          "Arn": "{{ spot_instance_profile_arn }}"
        },
        "BlockDeviceMappings": [
          {
            "DeviceName": "/dev/sda1",
            "Ebs": {
              "DeleteOnTermination": true,
              "VolumeType": "{{ volume_type }}",
              "VolumeSize": {{ volume_size }},
              "SnapshotId": "{{ snapshot_id }}"
            }
          }
        ],
        "SecurityGroups": [
          {
            "GroupId": "{{ security_group_id }}"
          }
        ]
      }
    ],
    "Type": "maintain"
  },
  "cloud_c8_shell": {
    "IamFleetRole": "arn:aws:iam::{{ account_id }}:role/aws-ec2-spot-fleet-tagging-role",
    "AllocationStrategy": "capacityOptimized",
    "TargetCapacity": {{ max_spot_capacity_mantra }},
    "SpotPrice": "0.696",
    "ValidFrom": "2021-05-02T00:24:46Z",
    "ValidUntil": "2022-05-02T00:24:46Z",
    "TerminateInstancesWithExpiration": true,
    "LaunchSpecifications": [
      {
        "ImageId": "{{ ami_id }}",
        "InstanceType": "t3a.2xlarge",
        "SubnetId": "{{ subnet_id }}",
        "UserData": "{{ user_data }}",
        "KeyName": "{{ aws_key_name }}",
        "SpotPrice": "0.3802",
        "IamInstanceProfile": {
          "Arn": "{{ spot_instance_profile_arn }}"
        },
        "BlockDeviceMappings": [
          {
            "DeviceName": "/dev/sda1",
            "Ebs": {
              "DeleteOnTermination": true,
              "VolumeType": "standard",
              "VolumeSize": {{ volume_size }},
              "SnapshotId": "{{ snapshot_id }}"
            }
          }
        ],
        "SecurityGroups": [
          {
            "GroupId": "{{ security_group_id }}"
          }
        ]
      },
      {
        "ImageId": "{{ ami_id }}",
        "InstanceType": "t3.2xlarge",
        "SubnetId": "{{ subnet_id }}",
        "UserData": "{{ user_data }}",
        "KeyName": "{{ aws_key_name }}",
        "SpotPrice": "0.4204",
        "IamInstanceProfile": {
          "Arn": "{{ spot_instance_profile_arn }}"
        },
        "BlockDeviceMappings": [
          {
            "DeviceName": "/dev/sda1",
            "Ebs": {
              "DeleteOnTermination": true,
              "VolumeType": "standard",
              "VolumeSize": {{ volume_size }},
              "SnapshotId": "{{ snapshot_id }}"
            }
          }
        ],
        "SecurityGroups": [
          {
            "GroupId": "{{ security_group_id }}"
          }
        ]
      },
      {
        "ImageId": "{{ ami_id }}",
        "InstanceType": "r4.2xlarge",
        "SubnetId": "{{ subnet_id }}",
        "UserData": "{{ user_data }}",
        "KeyName": "{{ aws_key_name }}",
        "SpotPrice": "0.638",
        "IamInstanceProfile": {
          "Arn": "{{ spot_instance_profile_arn }}"
        },
        "BlockDeviceMappings": [
          {
            "DeviceName": "/dev/sda1",
            "Ebs": {
              "DeleteOnTermination": true,
              "VolumeType": "standard",
              "VolumeSize": {{ volume_size }},
              "SnapshotId": "{{ snapshot_id }}"
            }
          }
        ],
        "SecurityGroups": [
          {
            "GroupId": "{{ security_group_id }}"
          }
        ]
      },
      {
        "ImageId": "{{ ami_id }}",
        "InstanceType": "m5.2xlarge",
        "SubnetId": "{{ subnet_id }}",
        "UserData": "{{ user_data }}",
        "KeyName": "{{ aws_key_name }}",
        "SpotPrice": "0.48",
        "IamInstanceProfile": {
          "Arn": "{{ spot_instance_profile_arn }}"
        },
        "BlockDeviceMappings": [
          {
            "DeviceName": "/dev/sda1",
            "Ebs": {
              "DeleteOnTermination": true,
              "VolumeType": "standard",
              "VolumeSize": {{ volume_size }},
              "SnapshotId": "{{ snapshot_id }}"
            }
          }
        ],
        "SecurityGroups": [
          {
            "GroupId": "{{ security_group_id }}"
          }
        ]
      },
      {
        "ImageId": "{{ ami_id }}",
        "InstanceType": "r5d.2xlarge",
        "SubnetId": "{{ subnet_id }}",
        "UserData": "{{ user_data }}",
        "KeyName": "{{ aws_key_name }}",
        "SpotPrice": "0.696",
        "IamInstanceProfile": {
          "Arn": "{{ spot_instance_profile_arn }}"
        },
        "BlockDeviceMappings": [
          {
            "DeviceName": "/dev/sda1",
            "Ebs": {
              "DeleteOnTermination": true,
              "VolumeType": "standard",
              "VolumeSize": {{ volume_size }},
              "SnapshotId": "{{ snapshot_id }}"
            }
          }
        ],
        "SecurityGroups": [
          {
            "GroupId": "{{ security_group_id }}"
          }
        ]
      },
      {
        "ImageId": "{{ ami_id }}",
        "InstanceType": "r5.2xlarge",
        "SubnetId": "{{ subnet_id }}",
        "UserData": "{{ user_data }}",
        "KeyName": "{{ aws_key_name }}",
        "SpotPrice": "0.604",
        "IamInstanceProfile": {
          "Arn": "{{ spot_instance_profile_arn }}"
        },
        "BlockDeviceMappings": [
          {
            "DeviceName": "/dev/sda1",
            "Ebs": {
              "DeleteOnTermination": true,
              "VolumeType": "standard",
              "VolumeSize": {{ volume_size }},
              "SnapshotId": "{{ snapshot_id }}"
            }
          }
        ],
        "SecurityGroups": [
          {
            "GroupId": "{{ security_group_id }}"
          }
        ]
      },
      {
        "ImageId": "{{ ami_id }}",
        "InstanceType": "m5.4xlarge",
        "SubnetId": "{{ subnet_id }}",
        "UserData": "{{ user_data }}",
        "KeyName": "{{ aws_key_name }}",
        "WeightedCapacity": 2,
        "SpotPrice": "0.48",
        "IamInstanceProfile": {
          "Arn": "{{ spot_instance_profile_arn }}"
        },
        "BlockDeviceMappings": [
          {
            "DeviceName": "/dev/sda1",
            "Ebs": {
              "DeleteOnTermination": true,
              "VolumeType": "standard",
              "VolumeSize": {{ volume_size }},
              "SnapshotId": "{{ snapshot_id }}"
            }
          }
        ],
        "SecurityGroups": [
          {
            "GroupId": "{{ security_group_id }}"
          }
        ]
      },
      {
        "ImageId": "{{ ami_id }}",
        "InstanceType": "m5a.8xlarge",
        "SubnetId": "{{ subnet_id }}",
        "UserData": "{{ user_data }}",
        "KeyName": "{{ aws_key_name }}",
        "WeightedCapacity": 4,
        "SpotPrice": "0.432",
        "IamInstanceProfile": {
          "Arn": "{{ spot_instance_profile_arn }}"
        },
        "BlockDeviceMappings": [
          {
            "DeviceName": "/dev/sda1",
            "Ebs": {
              "DeleteOnTermination": true,
              "VolumeType": "standard",
              "VolumeSize": {{ volume_size }},
              "SnapshotId": "{{ snapshot_id }}"
            }
          }
        ],
        "SecurityGroups": [
          {
            "GroupId": "{{ security_group_id }}"
          }
        ]
      },
      {
        "ImageId": "{{ ami_id }}",
        "InstanceType": "m5.8xlarge",
        "SubnetId": "{{ subnet_id }}",
        "UserData": "{{ user_data }}",
        "KeyName": "{{ aws_key_name }}",
        "WeightedCapacity": 4,
        "SpotPrice": "0.48",
        "IamInstanceProfile": {
          "Arn": "{{ spot_instance_profile_arn }}"
        },
        "BlockDeviceMappings": [
          {
            "DeviceName": "/dev/sda1",
            "Ebs": {
              "DeleteOnTermination": true,
              "VolumeType": "standard",
              "VolumeSize": {{ volume_size }},
              "SnapshotId": "{{ snapshot_id }}"
            }
          }
        ],
        "SecurityGroups": [
          {
            "GroupId": "{{ security_group_id }}"
          }
        ]
      }
    ],
    "Type": "maintain"
  }
}